# stand-in aim board, SCENE UNITS, 25.0 m overhead; pass as --cloud WITH --alignment
-2.684721047357280233e-01,9.461560218597410810e+00,6.442258560768043818e-01
-2.684053258938666753e-01,9.468308930530508150e+00,3.317366587869516326e-01
-2.683385470520052718e-01,9.475057642463603713e+00,1.924746149709888679e-02
2.656987384691059106e-01,9.456274571407405460e+00,6.442258560768043818e-01
2.657655173109672586e-01,9.463023283340502800e+00,3.317366587869516326e-01
2.658322961528286621e-01,9.469771995273598364e+00,1.924746149709888679e-02
7.998695816739399556e-01,9.450988924217400111e+00,6.442258560768043818e-01
7.999363605158011925e-01,9.457737636150495675e+00,3.317366587869516326e-01
8.000031393576625405e-01,9.464486348083593015e+00,1.924746149709888679e-02
